{
  "size": 15547114612,
  "name": "Ricky Mataka - Hybrid Income Protocol",
  "type": "folder",
  "children": [
    {
      "size": 14688087011,
      "name": "00-Bonus Clipping Academy",
      "type": "folder",
      "children": [
        {
          "size": 1533954174,
          "name": "01-Clipping",
          "type": "folder",
          "children": [
            {
              "size": 869792,
              "name": "01-CLIPPING ACADEMY NOTES - ALL SESSIONS.docx",
              "type": "file"
            },
            {
              "size": 7186,
              "name": "01-Clipping as a 6-Figure Business in 2023.docx",
              "type": "file"
            },
            {
              "size": 1533077196,
              "name": "01-Clipping as a 6-Figure Business in 2023.mp4",
              "type": "file"
            }
          ]
        },
        {
          "size": 1605377602,
          "name": "02-Storytelling",
          "type": "folder",
          "children": [
            {
              "size": 488204903,
              "name": "01-The Art of Storytelling Part 1.mp4",
              "type": "file"
            },
            {
              "size": 868736750,
              "name": "02-The Art of Storytelling Part 2.mp4",
              "type": "file"
            }
          ]
        }
      ]
    },
    {
      "size": 8873,
      "name": "01-Welcome And Getting Started",
      "type": "folder",
      "children": [
        {
          "size": 8873,
          "name": "01-_Read First_ + How This Course is Structured.docx",
          "type": "file"
        }
      ]
    }
  ]
}
