{
    "size":  15547114612,
    "name":  "Ricky Mataka - Hybrid Income Protocol",
    "type":  "folder",
    "children":  [
                     {
                         "size":  14688087011,
                         "name":  "00-Bonus Clipping Academy",
                         "type":  "folder",
                         "children":  [
                                          {
                                              "size":  1533954174,
                                              "name":  "01-Clipping",
                                              "type":  "folder",
                                              "children":  [
                                                               {
                                                                   "size":  869792,
                                                                   "name":  "01-CLIPPING ACADEMY NOTES - ALL SESSIONS.docx",
                                                                   "type":  "file"
                                                               },
                                                               {
                                                                   "size":  7186,
                                                                   "name":  "01-Clipping as a 6-Figure Business in 2023.docx",
                                                                   "type":  "file"
                                                               },
                                                               {
                                                                   "size":  1533077196,
                                                                   "name":  "01-Clipping as a 6-Figure Business in 2023.mp4",
                                                                   "type":  "file"
                                                               }
                                                           ]
                                          },
                                          {
                                              "size":  1605377602,
                                              "name":  "02-Storytelling",
                                              "type":  "folder",
                                              "children":  [
                                                               {
                                                                   "size":  488204903,
                                                                   "name":  "01-The Art of Storytelling Part 1.mp4",
                                                                   "type":  "file"
                                                               },
                                                               {
                                                                   "size":  868736750,
                                                                   "name":  "02-The Art of Storytelling Part 2.mp4",
                                                                   "type":  "file"
                                                               },
                                                               {
                                                                   "size":  25962916,
                                                                   "name":  "03-Lifepreneur Sneak Peek.mp4",
                                                                   "type":  "file"
                                                               },
                                                               {
                                                                   "size":  24267039,
                                                                   "name":  "04-Questions \u0026 Answers Part 1.mp4",
                                                                   "type":  "file"
                                                               },
                                                               {
                                                                   "size":  11123461,
                                                                   "name":  "05-Questions \u0026 Answers Part 2.mp4",
                                                                   "type":  "file"
                                                               },
                                                               {
                                                                   "size":  24257489,
                                                                   "name":  "06-Questions \u0026 Answers Part 3.mp4",
                                                                   "type":  "file"
                                                               },
                                                               {
                                                                   "size":  162825044,
                                                                   "name":  "07-Chris Record\u0027s Vault on Vimeo.mp4",
                                                                   "type":  "file"
                                                               }
                                                           ]
                                          },
                                          {
                                              "size":  2776353974,
                                              "name":  "03-4 Pillars",
                                              "type":  "folder",
                                              "children":  [
                                                               {
                                                                   "size":  869792,
                                                                   "name":  "01-CLIPPING ACADEMY NOTES - ALL SESSIONS.docx",
                                                                   "type":  "file"
                                                               },
                                                               {
                                                                   "size":  1693429300,
                                                                   "name":  "01-Full 4.5 Hour Replay.mp4",
                                                                   "type":  "file"
                                                               },
                                                               {
                                                                   "size":  111192100,
                                                                   "name":  "02-101 AI Tools for Entrepreneurs - Curated by @ChrisRecord.docx",
                                                                   "type":  "file"
                                                               },
                                                               {
                                                                   "size":  105344985,
                                                                   "name":  "02-101 AI Tools PDF Training.mp4",
                                                                   "type":  "file"
                                                               },
                                                               {
                                                                   "size":  294348287,
                                                                   "name":  "03-Example of a Clip Edited in 20 Minutes.mp4",
                                                                   "type":  "file"
                                                               },
                                                               {
                                                                   "size":  166533648,
                                                                   "name":  "04-4 Pillars Training with Chris Record.mp4",
                                                                   "type":  "file"
                                                               },
                                                               {
                                                                   "size":  83829147,
                                                                   "name":  "05-Where to Get Background Music.mp4",
                                                                   "type":  "file"
                                                               },
                                                               {
                                                                   "size":  28138221,
                                                                   "name":  "06-Where to Get B-Roll Video Clips.mp4",
                                                                   "type":  "file"
                                                               },
                                                               {
                                                                   "size":  207209470,
                                                                   "name":  "07-Clipping Examples Chris Record Likes.mp4",
                                                                   "type":  "file"
                                                               },
                                                               {
                                                                   "size":  85459024,
                                                                   "name":  "08-Monetization and How to Practice.mp4",
                                                                   "type":  "file"
                                                               }
                                                           ]
                                          },
                                          {
                                              "size":  9490161,
                                              "name":  "04-SMSM",
                                              "type":  "folder",
                                              "children":  [
                                                               {
                                                                   "size":  9490161,
                                                                   "name":  "01-Social Media Sales Machine.zip",
                                                                   "type":  "file"
                                                               }
                                                           ]
                                          },
                                          {
                                              "size":  37372949,
                                              "name":  "05-Case Studies",
                                              "type":  "folder",
                                              "children":  [
                                                               {
                                                                   "size":  244726,
                                                                   "name":  "01-Case Study #1 - Alex Hormozi.pdf",
                                                                   "type":  "file"
                                                               },
                                                               {
                                                                   "size":  13188862,
                                                                   "name":  "01-For 20 Years I’ve Been Eating 200gr of Protein Every Day.mp4",
                                                                   "type":  "file"
                                                               },
                                                               {
                                                                   "size":  7908426,
                                                                   "name":  "01-Panda Express Protein.mp4",
                                                                   "type":  "file"
                                                               },
                                                               {
                                                                   "size":  16030935,
                                                                   "name":  "01-When I was single....mp4",
                                                                   "type":  "file"
                                                               }
                                                           ]
                                          },
                                          {
                                              "size":  1126067084,
                                              "name":  "06-Bonuses",
                                              "type":  "folder",
                                              "children":  [
                                                               {
                                                                   "size":  107094961,
                                                                   "name":  "01-$5,000+ in Extra Bonuses.mp4",
                                                                   "type":  "file"
                                                               },
                                                               {
                                                                   "size":  596034,
                                                                   "name":  "01-$5,000+ in Extra Bonuses.pdf",
                                                                   "type":  "file"
                                                               },
                                                               {
                                                                   "size":  111192112,
                                                                   "name":  "02-101 AI Tools for Entrepreneurs - Curated by @ChrisRecord.docx",
                                                                   "type":  "file"
                                                               },
                                                               {
                                                                   "size":  105344985,
                                                                   "name":  "02-BONUS 101 AI Tools Google Doc.mp4",
                                                                   "type":  "file"
                                                               },
                                                               {
                                                                   "size":  459116478,
                                                                   "name":  "03-Bonus The OPC Method.mp4",
                                                                   "type":  "file"
                                                               },
                                                               {
                                                                   "size":  20530,
                                                                   "name":  "03-Bonus The OPC Method.pdf",
                                                                   "type":  "file"
                                                               },
                                                               {
                                                                   "size":  198958297,
                                                                   "name":  "04-Bonus The Ghost Account Strategy.mp4",
                                                                   "type":  "file"
                                                               },
                                                               {
                                                                   "size":  10703888,
                                                                   "name":  "05-How to Find Viral TikTok Videos.mp4",
                                                                   "type":  "file"
                                                               },
                                                               {
                                                                   "size":  133029699,
                                                                   "name":  "06-How to Make Viral TikTok Videos.mp4",
                                                                   "type":  "file"
                                                               },
                                                               {
                                                                   "size":  10100,
                                                                   "name":  "06-TikTok_Instructional_Documentation_.docx",
                                                                   "type":  "file"
                                                               }
                                                           ]
                                          },
                                          {
                                              "size":  55181,
                                              "name":  "07-Affiliates",
                                              "type":  "folder",
                                              "children":  [
                                                               {
                                                                   "size":  55181,
                                                                   "name":  "01-Clipping Academy Affiliate Program.pdf",
                                                                   "type":  "file"
                                                               }
                                                           ]
                                          },
                                          {
                                              "size":  850927671,
                                              "name":  "08-Tutorials",
                                              "type":  "folder",
                                              "children":  [
                                                               {
                                                                   "size":  71725,
                                                                   "name":  "00-Get Fonts For Your Captions!.pdf",
                                                                   "type":  "file"
                                                               },
                                                               {
                                                                   "size":  23590333,
                                                                   "name":  "01-Alex Hormozi Captions   Subtitles in Premier Pro. UPDATED.mp4",
                                                                   "type":  "file"
                                                               },
                                                               {
                                                                   "size":  92273284,
                                                                   "name":  "01-FAST CAPTIONS Like Alex Hormozi.mp4",
                                                                   "type":  "file"
                                                               },
                                                               {
                                                                   "size":  169676411,
                                                                   "name":  "01-How To Add Captions \u0026 Subtltles To Tiktok \u0026 Reels Like Alex Hormozi [Full Tutorial Beginners].mp4",
                                                                   "type":  "file"
                                                               },
                                                               {
                                                                   "size":  94475366,
                                                                   "name":  "01-How To Add Viral TikTok Captions [Premiere Pro].mp4",
                                                                   "type":  "file"
                                                               },
                                                               {
                                                                   "size":  150457304,
                                                                   "name":  "01-How to CAPTION REELS \u0026 CLIPS in 2023 Like Alex Hormozi   Premiere Pro.mp4",
                                                                   "type":  "file"
                                                               },
                                                               {
                                                                   "size":  6889416,
                                                                   "name":  "01-How to Create  Hormozi Style  Captions for Reels in 60 Seconds (Premiere Pro Quick Tutorial).mp4",
                                                                   "type":  "file"
                                                               },
                                                               {
                                                                   "size":  41608849,
                                                                   "name":  "01-THE NEW Alex Hormozi Captions 2023 Style! (Full Tutorial).mp4",
                                                                   "type":  "file"
                                                               },
                                                               {
                                                                   "size":  18680081,
                                                                   "name":  "02-CAPTIONS like Alex Hormozi for free in CapCut.mp4",
                                                                   "type":  "file"
                                                               },
                                                               {
                                                                   "size":  38486978,
                                                                   "name":  "02-How to add Subtitles \u0026 Captions To Videos For TikTok \u0026 Reels Like Grant Cardone \u0026 Alex Hormozi.mp4",
                                                                   "type":  "file"
                                                               },
                                                               {
                                                                   "size":  61714476,
                                                                   "name":  "02-How To Make Caption On TikTok Like Alex Hormozi!.mp4",
                                                                   "type":  "file"
                                                               },
                                                               {
                                                                   "size":  47091706,
                                                                   "name":  "03-How To Add Alex Hormozi Captions To Reels \u0026 TikToks For FREE (Full Tutorial).mp4",
                                                                   "type":  "file"
                                                               },
                                                               {
                                                                   "size":  39998392,
                                                                   "name":  "03-How To Create Alex Hormozi Captions In 2025.mp4",
                                                                   "type":  "file"
                                                               },
                                                               {
                                                                   "size":  25491158,
                                                                   "name":  "03-How To Create Alex Hormozi Captions To Reels \u0026 TikToks For FREE (Full Tutorial).mp4",
                                                                   "type":  "file"
                                                               },
                                                               {
                                                                   "size":  40422192,
                                                                   "name":  "04-How to Create Captions For Your Videos Using Descript.mp4",
                                                                   "type":  "file"
                                                               }
                                                           ]
                                          },
                                          {
                                              "size":  6675841028,
                                              "name":  "09-Live Session Replays",
                                              "type":  "folder",
                                              "children":  [
                                                               {
                                                                   "size":  869792,
                                                                   "name":  "01-CLIPPING ACADEMY NOTES - ALL SESSIONS.docx",
                                                                   "type":  "file"
                                                               },
                                                               {
                                                                   "size":  1840626319,
                                                                   "name":  "01-Full 4.5 Hour Replay.mp4",
                                                                   "type":  "file"
                                                               },
                                                               {
                                                                   "size":  1728094848,
                                                                   "name":  "02-Full 5 Hour Replay.mp4",
                                                                   "type":  "file"
                                                               },
                                                               {
                                                                   "size":  1069754146,
                                                                   "name":  "03-Full 2.5 Hour Replay.mp4",
                                                                   "type":  "file"
                                                               },
                                                               {
                                                                   "size":  1289966942,
                                                                   "name":  "04-Full 3.5 Hour Replay.mp4",
                                                                   "type":  "file"
                                                               },
                                                               {
                                                                   "size":  746528981,
                                                                   "name":  "05-Full 2.5 Hour Replay.mp4",
                                                                   "type":  "file"
                                                               }
                                                           ]
                                          },
                                          {
                                              "size":  12017,
                                              "name":  "00-Welcome To Clipping Academy.docx",
                                              "type":  "file"
                                          },
                                          {
                                              "size":  72635170,
                                              "name":  "00-Welcome To Clipping Academy.mp4",
                                              "type":  "file"
                                          }
                                      ]
                     },
                     {
                         "size":  8873,
                         "name":  "01-Welcome And Getting Started",
                         "type":  "folder",
                         "children":  [
                                          {
                                              "size":  8873,
                                              "name":  "01-_Read First_ + How This Course is Structured.docx",
                                              "type":  "file"
                                          }
                                      ]
                     },
                     {
                         "size":  14390,
                         "name":  "02-Done For You Set Up - We Do It For You",
                         "type":  "folder",
                         "children":  [
                                          {
                                              "size":  7569,
                                              "name":  "01-SPEED UP Your Results.docx",
                                              "type":  "file"
                                          },
                                          {
                                              "size":  6821,
                                              "name":  "02-Done For You (Access).docx",
                                              "type":  "file"
                                          }
                                      ]
                     },
                     {
                         "size":  142296079,
                         "name":  "03-Quick Start Content Rewards Course",
                         "type":  "folder",
                         "children":  [
                                          {
                                              "size":  6639052,
                                              "name":  "01-1. Intro to Clipping.mp4",
                                              "type":  "file"
                                          },
                                          {
                                              "size":  14257962,
                                              "name":  "02-2. How to find offers to clip.mp4",
                                              "type":  "file"
                                          },
                                          {
                                              "size":  3326485,
                                              "name":  "03-3. How to find offers to clip.mp4",
                                              "type":  "file"
                                          },
                                          {
                                              "size":  16100428,
                                              "name":  "04-4. Clipping Types \u0026 Examples.mp4",
                                              "type":  "file"
                                          },
                                          {
                                              "size":  16498770,
                                              "name":  "05-5. How to find the best moments to clip.mp4",
                                              "type":  "file"
                                          },
                                          {
                                              "size":  26466634,
                                              "name":  "06-6. How to Edit Clips.mp4",
                                              "type":  "file"
                                          },
                                          {
                                              "size":  21519739,
                                              "name":  "07-7. How to target a US UK audience.mp4",
                                              "type":  "file"
                                          },
                                          {
                                              "size":  5427717,
                                              "name":  "08-8. Submitting Content Rewards.mp4",
                                              "type":  "file"
                                          },
                                          {
                                              "size":  32059292,
                                              "name":  "09-9. TLDR Start to Finish Course.mp4",
                                              "type":  "file"
                                          }
                                      ]
                     },
                     {
                         "size":  354079420,
                         "name":  "04-Day 1 Masterclass",
                         "type":  "folder",
                         "children":  [
                                          {
                                              "size":  354079420,
                                              "name":  "01-Day 1 - Hybrid Income Protocol.mp4",
                                              "type":  "file"
                                          }
                                      ]
                     },
                     {
                         "size":  362613540,
                         "name":  "05-Day 2 Masterclass",
                         "type":  "folder",
                         "children":  [
                                          {
                                              "size":  362613540,
                                              "name":  "01-Day 2 - Hybrid Affiliate Protocol.mp4",
                                              "type":  "file"
                                          }
                                      ]
                     },
                     {
                         "size":  8500,
                         "name":  "06-Updates \u0026 Bonuses",
                         "type":  "folder",
                         "children":  [
                                          {
                                              "size":  8500,
                                              "name":  "01-Current Updates (Updated Daily).docx",
                                              "type":  "file"
                                          }
                                      ]
                     },
                     {
                         "size":  6799,
                         "name":  "07-Resources",
                         "type":  "folder",
                         "children":  [
                                          {
                                              "size":  6799,
                                              "name":  "01-Support and Help.docx",
                                              "type":  "file"
                                          }
                                      ]
                     }
                 ]
}
